<?xml version="1.0" encoding="UTF-8"?>

<!--********** Copyright 2016 Roku Corp.  All Rights Reserved. **********-->


<component name="RowListContentTask" extends="Task">

    <interface>
        <field id="content" type="node" />
    </interface>
	<interface>
        <field id="mediaIndex" type="assocarray" />
    </interface>
	
	<script type= "text/brightscript" uri = "pkg:/components/Config.brs"/>
    <script type="text/brightscript">

        <![CDATA[
			Sub Init()
			    m.top.functionName = "loadContent"
			End Sub
    
			Sub loadContent()
				array = loadConfig()
				bundle = GetApiArray(array)
			    oneRow = bundle.contentArray
			    list = [
			        {
			            Title:"Somali Channels"
			            ContentList : oneRow
			        }
			    ]
			    m.top.content = ParseXMLContent(list)
				m.top.mediaIndex = bundle.index
			End Sub
			
			Function ParseXMLContent(list As Object)
			    RowItems = createObject("RoSGNode","ContentNode")
			    
			    for each rowAA in list
			        row = createObject("RoSGNode","ContentNode")
			        row.Title = rowAA.Title
			
			        for each itemAA in rowAA.ContentList
			            item = createObject("RoSGNode","ContentNode")
			            item.SetFields(itemAA)
			            row.appendChild(item)
			        end for
			        RowItems.appendChild(row)
			    end for
			
			    return RowItems
			End Function
			
			
			Function GetApiArray(array as Object)
			    result = []
				mediaindex ={}
			    for each element in array
			    	item = {}
					item.Id = element.Id
			    	item.Title = element.Title
			    	item.streamFormat = element.streamFormat
					item.SDPosterUrl = element.Logo_sd
			    	item.HDPosterUrl = element.Logo_hd
					item.FHDPosterUrl = element.Logo_fhd
			    	item.Url = element.Stream
			        result.push(item)
					mediaindex[item.Id] = item
			    end for
			    return {contentArray:result:index:mediaindex}
			End Function
]]>
    </script>
</component>

